{
	"format_version": "1.8.0",
	"animations": {
		"animation.raa.cow.walk": {
			"loop": true,
			"animation_length": 0.75,
			"bones": {
				"Body": {
					"rotation": {
						"0.0": [-5, 0, 0],
						"0.4167": [-2.5, 0, 0],
						"0.75": [-5, 0, 0]
					}
				},
				"Tail": {
					"rotation": {
						"0.0": [0, 0, -5],
						"0.4167": [10, 0, 5],
						"0.75": [0, 0, -5]
					}
				},
				"Neck": {
					"rotation": {
						"0.0": [-2.5, 0, 0],
						"0.4167": [2.5, 0, 0],
						"0.75": [-2.5, 0, 0]
					}
				},
				"Head": {
					"rotation": {
						"0.0": [-2.5, 0, 0],
						"0.4167": [2.5, 0, 0],
						"0.75": [-2.5, 0, 0]
					}
				},
				"Leg1": {
					"rotation": {
						"0.0": [22.5, 0, 0],
						"0.1667": [-15, 0, 0],
						"0.3333": [-27.5, 0, 0],
						"0.75": [22.5, 0, 0]
					},
					"position": {
						"0.0": [0, 0, 0],
						"0.1667": [0, 1, 1],
						"0.3333": [0, 1, 1],
						"0.75": [0, 0, 0]
					}
				},
				"Tight1": {
					"rotation": {
						"0.0": [12.5, 0, 0],
						"0.1667": [40, 0, 0],
						"0.3333": [-10.36, 0, 0],
						"0.75": [12.5, 0, 0]
					}
				},
				"Leg2": {
					"rotation": {
						"0.0": [-27.5, 0, 0],
						"0.4167": [22.5, 0, 0],
						"0.5833": [-15, 0, 0],
						"0.75": [-27.5, 0, 0]
					},
					"position": {
						"0.0": [0, 1, 1],
						"0.4167": [0, 0, 0],
						"0.5833": [0, 1, 1],
						"0.75": [0, 1, 1]
					}
				},
				"Tight2": {
					"rotation": {
						"0.0": [-10.36, 0, 0],
						"0.4167": [12.5, 0, 0],
						"0.5833": [12.5, 0, 0],
						"0.75": [-10.36, 0, 0]
					}
				},
				"Leg3": {
					"rotation": {
						"0.0": [-22.5, 0, 0],
						"0.3333": [2.5, 0, 0],
						"0.75": [-22.5, 0, 0]
					}
				},
				"Tight3": {
					"rotation": {
						"0.0": [-15, 0, 0],
						"0.3333": [27.38929, 1.83554, 0.36694],
						"0.75": [-15, 0, 0]
					}
				},
				"Leg4": {
					"rotation": {
						"0.0": [2.5, 0, 0],
						"0.4167": [-22.5, 0, 0],
						"0.75": [2.5, 0, 0]
					}
				},
				"Tight4": {
					"rotation": {
						"0.0": [27.38929, 1.83554, 0.36694],
						"0.4167": [-15, 0, 0],
						"0.75": [27.38929, 1.83554, 0.36694]
					}
				}
			}
		},
		"animation.raa.cow.run": {
			"loop": true,
			"animation_length": 0.3519,
			"bones": {
				"Body": {
					"rotation": {
						"0.0": [-7.5, 0, 0],
						"0.1852": [5, 0, 0],
						"0.3519": [-7.5, 0, 0]
					}
				},
				"Tail": {
					"rotation": {
						"0.0": [7.5, 0, 0],
						"0.1852": [27.5, 0, 0],
						"0.3519": [7.5, 0, 0]
					}
				},
				"Neck": {
					"rotation": [32.5, 0, 0],
					"position": [0, 0, 0]
				},
				"Head": {
					"rotation": [-12.5, 0, 0],
					"position": [0, -1, -1]
				},
				"Leg1": {
					"rotation": {
						"0.0": [0, 0, 0],
						"0.1481": [20, 0, 0],
						"0.2407": [-35, 0, 0],
						"0.3519": [0, 0, 0]
					}
				},
				"Tight1": {
					"rotation": {
						"0.0": [0, 0, 0],
						"0.1481": [25, 0, 0],
						"0.2407": [10, 0, 0],
						"0.3519": [0, 0, 0]
					}
				},
				"Leg2": {
					"rotation": {
						"0.0": [20, 0, 0],
						"0.0926": [-35, 0, 0],
						"0.2037": [0, 0, 0],
						"0.3519": [20, 0, 0]
					}
				},
				"Tight2": {
					"rotation": {
						"0.0": [25, 0, 0],
						"0.0926": [10, 0, 0],
						"0.1852": [0, 0, 0],
						"0.3519": [25, 0, 0]
					}
				},
				"Leg3": {
					"rotation": {
						"0.0": [15, 0, 0],
						"0.1852": [-15, 0, 0],
						"0.3519": [15, 0, 0]
					}
				},
				"Tight3": {
					"rotation": {
						"0.0": [25, 0, 0],
						"0.1852": [-2.5, 0, 0],
						"0.3519": [25, 0, 0]
					}
				},
				"Leg4": {
					"rotation": {
						"0.0": [-15, 0, 0],
						"0.1852": [15, 0, 0],
						"0.3519": [-15, 0, 0]
					}
				},
				"Tight4": {
					"rotation": {
						"0.0": [-2.5, 0, 0],
						"0.1852": [25, 0, 0],
						"0.3519": [-2.5, 0, 0]
					}
				}
			}
		},
		"animation.raa.cow.idle": {
			"loop": true,
			"bones": {
				"Tail": {
					"rotation": ["2.5+math.cos(0+q.anim_time*55)*2.5", 0, 0]
				},
				"Neck": {
					"rotation": ["(math.cos(0+q.anim_time*55)*5)/2", 0, 0]
				},
				"Head": {
					"rotation": ["math.cos(0+q.anim_time*55)*5", 0, 0]
				}
			}
		},
		"animation.raa.cow.sleep": {
			"loop": true,
			"bones": {
				"Cow": {
					"position": [0, -9, 0]
				},
				"Neck": {
					"relative_to": {
						"rotation": "entity"
					},
					"rotation": [32.5, 0, 0]
				},
				"Head": {
					"rotation": [3.45118, 9.39129, 20.28356]
				},
				"Leg1": {
					"rotation": [-90, 5, 0],
					"position": [0, -4, 5]
				},
				"Leg2": {
					"rotation": [-90, -5, 0],
					"position": [0, -4, 5]
				},
				"Leg3": {
					"rotation": [-90, 15, 0],
					"position": [0, -1, 2]
				},
				"Leg4": {
					"rotation": [-90, -15, 0],
					"position": [0, -1, 2]
				}
			}
		},
		"animation.raa.cow.dead": {
			"loop": true,
			"bones": {
				"Cow": {
					"rotation": [10, 0, 87.5],
					"position": [-13, 4, 0]
				},
				"Body": {
					"rotation": [-7.5, 0, 0]
				},
				"Tail": {
					"rotation": [19.37006, 5.07855, -44.13272]
				},
				"Neck": {
					"rotation": [50, 0, 0]
				},
				"Head": {
					"rotation": [22.5, 0, 0]
				},
				"Leg1": {
					"rotation": [5, 0, 0]
				},
				"Tight1": {
					"rotation": [17.5, 0, -20]
				},
				"Leg2": {
					"rotation": [-5, 0, 0]
				},
				"Tight2": {
					"rotation": [15, 0, 0]
				},
				"Leg3": {
					"rotation": [-22.5, 0, -15]
				},
				"Tight3": {
					"rotation": [0, 0, -20]
				},
				"Leg4": {
					"rotation": [-2.5, 0, 0]
				},
				"Tight4": {
					"rotation": [-7.5, 0, 0]
				}
			}
		},
		"animation.raa.cow.eat": {
			"animation_length": 6.6667,
			"bones": {
				"Body": {
					"rotation": {
						"0.0": [0, 0, 0],
						"0.6667": [12.5, 0, 0],
						"6.0": [12.5, 0, 0],
						"6.6667": [0, 0, 0]
					}
				},
				"Neck": {
					"rotation": {
						"0.0": [0, 0, 0],
						"0.6667": [50, 0, 0],
						"6.0": [50, 0, 0],
						"6.6667": [0, 0, 0]
					},
					"position": {
						"0.0": [0, 0, 0],
						"0.6667": [0, -3, -1],
						"6.0": [0, -3, -1],
						"6.6667": [0, 0, 0]
					}
				},
				"Head": {
					"rotation": {
						"0.0": [0, 0, 0],
						"0.6667": [10, 0, 0],
						"0.8889": [-20, 0, 0],
						"1.1111": [17.5, 0, 0],
						"1.3333": [-20, 0, 0],
						"1.5556": [17.5, 0, 0],
						"1.7778": [-20, 0, 0],
						"2.0": [17.5, 0, 0],
						"2.2222": [-20, 0, 0],
						"2.4444": [17.5, 0, 0],
						"2.6667": [-20, 0, 0],
						"2.8889": [17.5, 0, 0],
						"3.1111": [-20, 0, 0],
						"3.3333": [17.5, 0, 0],
						"3.5556": [-20, 0, 0],
						"3.7778": [17.5, 0, 0],
						"4.0": [-20, 0, 0],
						"4.2222": [17.5, 0, 0],
						"4.4444": [-20, 0, 0],
						"4.6667": [17.5, 0, 0],
						"4.8889": [-20, 0, 0],
						"5.1111": [17.5, 0, 0],
						"5.3333": [-20, 0, 0],
						"5.5556": [17.5, 0, 0],
						"5.7778": [-20, 0, 0],
						"6.0": [10, 0, 0],
						"6.6667": [0, 0, 0]
					}
				},
				"Leg1": {
					"rotation": {
						"0.0": [0, 0, 0],
						"0.6667": [7.5, 0, 0],
						"6.0": [7.5, 0, 0],
						"6.6667": [0, 0, 0]
					}
				},
				"Tight1": {
					"rotation": {
						"0.0": [0, 0, 0],
						"0.6667": [15, 0, 0],
						"6.0": [15, 0, 0],
						"6.6667": [0, 0, 0]
					}
				}
			}
		},
		"animation.raa.cow.attack": {
			"loop": true,
			"animation_length": 0.5,
			"bones": {
				"Body": {
					"rotation": {
						"0.0": [0, 0, 0],
						"0.25": [12.5, 0, 0],
						"0.3333": [-6.67, 0, 0],
						"0.5": [0, 0, 0]
					}
				},
				"Neck": {
					"rotation": {
						"0.0": [0, 0, 0],
						"0.25": [42.5, 0, 0],
						"0.3333": [-25, 0, 0],
						"0.5": [0, 0, 0]
					}
				},
				"Head": {
					"rotation": {
						"0.0": [0, 0, 0],
						"0.25": [22.5, 0, 0],
						"0.3333": [-35, 0, 0],
						"0.5": [0, 0, 0]
					},
					"position": {
						"0.25": [0, 0, 0],
						"0.3333": [0, -2, 0],
						"0.5": [0, 0, 0]
					}
				}
			}
		},
		"animation.raa.cow.look_at_target": {
			"loop": true,
			"bones": {
				"Neck": {
					"rotation": ["q.target_x_rotation/2", "q.target_y_rotation/2", 0]
				},